{
  "batch_name": "batch_0001",
  "batch_index": 0,
  "processed_at": "2025-12-23T06:17:37.144671",
  "files_processed": 500,
  "files_skipped": 0,
  "chunks_created": 5257,
  "vectors_generated": 5257,
  "qdrant_uploaded": 5257,
  "failed_files": [],
  "timing": {
    "extraction": 8.548842906951904,
    "vectorization": 790.0778455734253,
    "upload": 2.363495111465454,
    "total": 800.9907507896423
  }
}